"Date","Price","Open","High","Low","Vol.","Change %"
"28-07-2025","2,513.10","2,460.00","2,524.00","2,448.20","1.39M","2.41%"
"25-07-2025","2,454.00","2,538.90","2,542.00","2,444.20","3.59M","-3.68%"
"24-07-2025","2,547.80","2,558.90","2,566.00","2,521.00","2.63M","-0.37%"
"23-07-2025","2,557.20","2,554.00","2,566.90","2,510.00","2.69M","0.35%"
"22-07-2025","2,548.40","2,570.00","2,570.90","2,540.00","3.22M","1.07%"
"21-07-2025","2,521.30","2,450.00","2,535.00","2,433.10","4.73M","2.97%"
"18-07-2025","2,448.50","2,480.00","2,487.10","2,435.00","3.28M","-1.07%"
"17-07-2025","2,474.90","2,540.00","2,549.00","2,446.60","4.38M","-2.18%"
"16-07-2025","2,530.00","2,550.00","2,585.00","2,523.10","4.36M","-0.63%"
"15-07-2025","2,546.00","2,479.00","2,554.20","2,444.80","5.73M","3.47%"
"14-07-2025","2,460.70","2,425.00","2,477.20","2,390.80","7.63M","3.78%"
"11-07-2025","2,371.10","2,466.40","2,476.20","2,365.30","7.12M","-3.86%"
"10-07-2025","2,466.30","2,534.60","2,545.90","2,460.00","5.06M","-2.28%"
"09-07-2025","2,523.80","2,500.00","2,550.00","2,485.50","6.82M","1.89%"
"08-07-2025","2,477.00","2,640.00","2,644.00","2,395.00","18.42M","-6.04%"
"07-07-2025","2,636.20","2,635.20","2,680.00","2,590.70","4.32M","0.04%"
"04-07-2025","2,635.20","2,778.00","2,778.00","2,613.10","12.92M","-6.56%"
"03-07-2025","2,820.10","2,759.90","2,825.90","2,742.50","3.79M","2.46%"
"02-07-2025","2,752.40","2,770.00","2,805.00","2,745.00","2.34M","-0.82%"
"01-07-2025","2,775.10","2,778.00","2,796.00","2,738.20","2.80M","0.18%"
"30-06-2025","2,770.10","2,788.90","2,805.00","2,753.40","2.97M","-0.20%"
"27-06-2025","2,775.60","2,816.50","2,838.10","2,760.00","4.15M","-0.98%"
"26-06-2025","2,803.00","2,789.00","2,821.00","2,748.00","3.86M","0.50%"
"25-06-2025","2,789.00","2,800.20","2,825.00","2,772.10","3.73M","0.12%"
"24-06-2025","2,785.60","2,850.00","2,865.60","2,777.00","6.05M","0.37%"
"23-06-2025","2,775.30","2,670.00","2,795.00","2,648.00","7.00M","3.24%"
"20-06-2025","2,688.10","2,600.00","2,698.40","2,571.00","5.80M","3.57%"
"19-06-2025","2,595.40","2,645.00","2,656.40","2,584.00","4.15M","-1.44%"
"18-06-2025","2,633.20","2,525.00","2,664.00","2,500.00","9.96M","-1.17%"
"17-06-2025","2,664.40","2,719.00","2,730.00","2,622.30","6.16M","-1.22%"
"16-06-2025","2,697.40","2,725.00","2,769.00","2,675.00","5.76M","-0.51%"
"13-06-2025","2,711.20","2,653.00","2,770.00","2,653.00","7.51M","-1.56%"
"12-06-2025","2,754.10","2,860.00","2,860.90","2,748.40","9.60M","-4.45%"
"11-06-2025","2,882.40","3,015.00","3,019.90","2,823.10","10.67M","-4.09%"
"10-06-2025","3,005.40","3,009.30","3,030.00","2,975.20","7.14M","0.37%"
"09-06-2025","2,994.40","2,970.00","3,024.90","2,935.30","7.30M","2.09%"
"06-06-2025","2,933.20","2,939.80","2,985.00","2,920.00","10.37M","0.80%"
"05-06-2025","2,909.80","2,821.10","2,918.00","2,815.00","11.09M","4.03%"
"04-06-2025","2,797.10","2,779.90","2,815.00","2,711.00","6.83M","1.16%"
"03-06-2025","2,764.90","2,720.00","2,787.80","2,692.00","8.66M","2.66%"
"02-06-2025","2,693.30","2,690.00","2,735.20","2,647.00","10.99M","0.72%"
"30-05-2025","2,674.00","2,472.50","2,690.00","2,469.00","18.47M","8.50%"
"29-05-2025","2,464.50","2,429.00","2,470.00","2,391.00","6.16M","2.52%"
"28-05-2025","2,404.00","2,425.00","2,438.00","2,385.00","5.09M","0.00%"
"27-05-2025","2,404.00","2,450.00","2,450.00","2,395.50","6.55M","-1.88%"
"26-05-2025","2,450.00","2,480.00","2,526.00","2,435.00","9.29M","0.08%"
"23-05-2025","2,448.00","2,358.00","2,488.00","2,335.00","16.56M","4.97%"
"22-05-2025","2,332.16","2,435.00","2,440.16","2,298.33","15.08M","-4.22%"
"21-05-2025","2,435.00","2,466.66","2,490.00","2,400.16","8.33M","-1.09%"
"20-05-2025","2,461.83","2,511.00","2,529.33","2,454.00","9.83M","-0.99%"
"19-05-2025","2,486.33","2,438.33","2,491.66","2,427.33","6.78M","2.47%"
"16-05-2025","2,426.33","2,400.00","2,438.33","2,397.16","5.44M","1.83%"
"15-05-2025","2,382.66","2,450.66","2,450.66","2,370.50","10.08M","-2.71%"
"14-05-2025","2,449.00","2,450.66","2,474.16","2,417.16","9.44M","0.50%"
"13-05-2025","2,436.83","2,331.74","2,446.99","2,325.57","16.16M","5.18%"
"12-05-2025","2,316.91","2,298.43","2,347.39","2,286.77","11.88M","5.84%"
"09-05-2025","2,189.17","2,165.18","2,215.15","2,159.19","10.56M","-1.76%"
"08-05-2025","2,228.47","2,241.47","2,296.43","2,208.82","15.82M","0.56%"
"07-05-2025","2,215.98","2,121.88","2,280.94","2,116.05","32.62M","6.53%"
"06-05-2025","2,080.24","2,156.86","2,175.01","2,071.92","7.53M","-3.23%"
"05-05-2025","2,149.70","2,115.22","2,157.69","2,088.57","6.59M","2.33%"
"02-05-2025","2,100.73","2,118.88","2,168.18","2,093.90","7.70M","-0.83%"
"30-04-2025","2,118.22","2,221.81","2,221.81","2,106.06","7.39M","-4.25%"
"29-04-2025","2,212.32","2,198.83","2,267.78","2,185.67","11.04M","1.17%"
"28-04-2025","2,186.67","2,098.56","2,197.66","2,089.24","8.72M","4.14%"
"25-04-2025","2,099.73","2,173.51","2,196.83","2,056.09","12.84M","-2.93%"
"24-04-2025","2,163.02","2,148.53","2,186.50","2,138.54","8.30M","0.85%"
"23-04-2025","2,144.87","2,098.23","2,151.53","2,073.58","11.01M","3.16%"
"22-04-2025","2,079.08","2,114.55","2,134.54","2,073.58","10.09M","-0.69%"
"21-04-2025","2,093.57","1,992.30","2,102.89","1,988.64","12.26M","5.97%"
"17-04-2025","1,975.65","1,968.32","2,011.96","1,953.83","7.75M","0.01%"
"16-04-2025","1,975.48","1,994.30","1,997.97","1,952.00","6.66M","-0.46%"
"15-04-2025","1,984.64","1,915.69","1,990.30","1,905.70","7.91M","5.55%"
"11-04-2025","1,880.30","1,897.83","1,906.69","1,859.39","7.93M","1.74%"
"09-04-2025","1,848.18","1,832.15","1,868.72","1,801.30","9.49M","0.18%"
"08-04-2025","1,844.80","1,798.77","1,851.68","1,782.96","10.42M","6.86%"
"07-04-2025","1,726.30","1,665.54","1,748.80","1,658.31","12.64M","-6.07%"
"04-04-2025","1,837.89","1,873.20","1,885.26","1,819.69","11.41M","-1.84%"
"03-04-2025","1,872.34","1,857.40","1,927.75","1,852.57","13.50M","-0.60%"
"02-04-2025","1,883.66","1,821.75","1,892.04","1,808.76","14.56M","3.46%"
"01-04-2025","1,820.75","1,846.74","1,857.23","1,808.76","13.95M","-0.25%"
"28-03-2025","1,825.35","1,665.53","1,843.54","1,665.53","56.32M","16.98%"
"27-03-2025","1,560.38","1,548.94","1,577.25","1,525.02","20.80M","4.68%"
"26-03-2025","1,490.55","1,555.60","1,561.26","1,483.32","8.88M","-3.80%"
"25-03-2025","1,549.49","1,560.27","1,591.34","1,537.55","12.42M","-0.07%"
"24-03-2025","1,550.62","1,612.23","1,635.18","1,539.51","17.44M","-2.61%"
"21-03-2025","1,592.16","1,495.31","1,615.56","1,484.02","21.10M","6.74%"
"20-03-2025","1,491.68","1,476.99","1,516.63","1,450.67","16.11M","1.95%"
"19-03-2025","1,463.15","1,387.05","1,470.08","1,384.22","15.51M","5.93%"
"18-03-2025","1,381.29","1,335.09","1,388.37","1,325.76","9.96M","4.65%"
"17-03-2025","1,319.88","1,322.29","1,340.75","1,299.44","8.73M","0.92%"
"13-03-2025","1,307.85","1,337.22","1,352.19","1,299.11","11.31M","-2.20%"
"12-03-2025","1,337.22","1,287.45","1,355.37","1,287.45","18.98M","5.37%"
"11-03-2025","1,269.05","1,305.77","1,325.41","1,226.49","21.79M","-4.73%"
"10-03-2025","1,332.07","1,389.05","1,410.30","1,324.44","12.52M","-4.29%"
"07-03-2025","1,391.81","1,409.00","1,440.61","1,386.40","11.04M","-1.77%"
"06-03-2025","1,416.85","1,459.00","1,460.25","1,404.04","14.68M","-1.06%"
"05-03-2025","1,432.05","1,432.35","1,456.55","1,344.11","32.71M","-3.47%"
"04-03-2025","1,483.53","1,426.39","1,520.61","1,394.71","19.25M","2.16%"
"03-03-2025","1,452.16","1,537.28","1,537.28","1,446.89","19.02M","-5.92%"
"28-02-2025","1,543.51","1,705.50","1,731.81","1,516.03","21.54M","-10.24%"
"27-02-2025","1,719.66","1,837.06","1,840.07","1,705.50","8.24M","-6.17%"
"25-02-2025","1,832.75","1,882.05","1,887.16","1,828.75","5.20M","-1.91%"
"24-02-2025","1,868.47","1,882.05","1,912.69","1,860.73","4.46M","-2.58%"
"21-02-2025","1,917.95","1,978.61","2,014.44","1,902.85","10.08M","-3.38%"
"20-02-2025","1,985.02","1,894.37","1,992.97","1,866.89","14.67M","5.83%"
"19-02-2025","1,875.72","1,717.16","1,890.27","1,715.48","11.83M","8.58%"
"18-02-2025","1,727.52","1,735.15","1,741.14","1,695.51","3.76M","-0.43%"
"17-02-2025","1,735.05","1,698.67","1,743.47","1,655.87","5.76M","1.72%"
"14-02-2025","1,705.68","1,777.12","1,777.12","1,687.51","7.14M","-2.57%"
"13-02-2025","1,750.62","1,786.78","1,797.09","1,734.15","5.86M","-1.86%"
"12-02-2025","1,783.88","1,730.15","1,810.43","1,680.22","12.80M","3.24%"
"11-02-2025","1,727.87","1,882.05","1,886.73","1,715.83","7.23M","-7.86%"
"10-02-2025","1,875.25","1,908.69","1,930.33","1,865.39","4.13M","-1.69%"
"07-02-2025","1,907.39","1,832.08","1,914.92","1,819.79","8.04M","2.85%"
"06-02-2025","1,854.58","1,951.33","1,951.33","1,838.74","5.87M","-4.55%"
"05-02-2025","1,943.04","1,871.54","1,950.33","1,855.40","6.22M","4.81%"
"04-02-2025","1,853.85","1,821.42","1,863.27","1,816.07","3.77M","2.77%"
"03-02-2025","1,803.90","1,775.78","1,812.09","1,755.47","3.37M","0.21%"
"01-02-2025","1,800.12","1,773.29","1,821.90","1,749.14","3.76M","1.85%"
"31-01-2025","1,767.44","1,750.47","1,771.67","1,738.16","3.31M","1.28%"
"30-01-2025","1,745.11","1,806.28","1,807.73","1,729.50","4.41M","-2.31%"
"29-01-2025","1,786.36","1,715.49","1,793.57","1,710.85","5.11M","3.99%"
"28-01-2025","1,717.74","1,812.48","1,828.08","1,709.38","8.45M","-5.23%"
"27-01-2025","1,812.48","1,901.70","1,919.79","1,789.11","6.14M","-6.76%"
"24-01-2025","1,943.87","1,968.65","2,015.22","1,936.09","3.73M","-1.25%"
"23-01-2025","1,968.55","1,920.32","1,981.98","1,904.11","4.07M","2.62%"
"22-01-2025","1,918.25","1,932.01","1,937.01","1,865.72","4.65M","-0.54%"
"21-01-2025","1,928.65","1,998.95","2,001.86","1,912.57","4.17M","-3.18%"
"20-01-2025","1,991.90","2,021.95","2,043.07","1,970.30","3.83M","-0.32%"
"17-01-2025","1,998.22","1,990.97","2,006.84","1,956.99","3.60M","0.07%"
"16-01-2025","1,996.85","1,942.00","2,008.92","1,936.69","8.26M","3.61%"
"15-01-2025","1,927.35","1,848.73","1,935.01","1,848.73","10.90M","6.19%"
"14-01-2025","1,815.04","1,757.13","1,831.38","1,732.83","7.23M","5.67%"
"13-01-2025","1,717.69","1,689.01","1,748.77","1,673.22","6.25M","0.68%"
"10-01-2025","1,706.05","1,726.97","1,752.13","1,687.68","3.93M","-1.61%"
"09-01-2025","1,733.90","1,798.90","1,808.43","1,729.17","2.89M","-3.61%"
"08-01-2025","1,798.90","1,796.10","1,811.74","1,751.13","3.80M","0.22%"
"07-01-2025","1,794.87","1,695.51","1,820.42","1,695.51","6.02M","5.88%"
"06-01-2025","1,695.17","1,782.11","1,791.27","1,683.83","3.82M","-4.70%"
"03-01-2025","1,778.70","1,829.93","1,852.53","1,769.82","3.18M","-2.31%"
"02-01-2025","1,820.82","1,814.24","1,832.08","1,785.41","2.48M","0.74%"
"01-01-2025","1,807.43","1,774.79","1,811.63","1,764.13","2.47M","1.89%"
"31-12-2024","1,773.92","1,768.12","1,782.11","1,737.28","2.71M","0.32%"
"30-12-2024","1,768.29","1,748.80","1,788.11","1,739.33","5.87M","0.57%"
"27-12-2024","1,758.30","1,823.25","1,829.28","1,751.18","3.02M","-3.01%"
"26-12-2024","1,812.88","1,815.09","1,824.37","1,784.55","2.57M","-0.13%"
"24-12-2024","1,815.29","1,851.38","1,853.73","1,806.06","2.92M","-1.78%"
"23-12-2024","1,848.17","1,865.39","1,880.05","1,807.10","4.44M","0.10%"
"20-12-2024","1,846.35","1,939.01","1,944.65","1,836.16","4.85M","-4.29%"
"19-12-2024","1,929.16","1,832.08","1,932.86","1,817.09","5.99M","2.82%"
"18-12-2024","1,876.20","1,914.36","1,915.79","1,852.73","4.06M","-1.67%"
"17-12-2024","1,907.99","1,889.44","1,921.02","1,883.39","4.32M","1.13%"
"16-12-2024","1,886.64","1,883.71","1,910.68","1,872.05","4.87M","0.51%"
"13-12-2024","1,877.03","1,867.06","1,883.38","1,825.75","5.32M","0.43%"
"12-12-2024","1,868.95","1,861.94","1,904.60","1,856.08","6.05M","1.05%"
"11-12-2024","1,849.47","1,818.42","1,858.36","1,807.78","4.76M","1.57%"
"10-12-2024","1,820.87","1,827.75","1,843.97","1,782.80","7.25M","-0.01%"
"09-12-2024","1,821.12","1,791.11","1,868.04","1,768.76","12.26M","1.31%"
"06-12-2024","1,797.59","1,759.28","1,813.76","1,747.67","18.89M","3.88%"
"05-12-2024","1,730.45","1,531.95","1,748.80","1,529.45","35.84M","13.62%"
"04-12-2024","1,522.97","1,511.07","1,530.62","1,494.18","4.30M","1.29%"
"03-12-2024","1,503.57","1,522.96","1,540.28","1,496.48","3.83M","-1.10%"
"02-12-2024","1,520.24","1,552.27","1,561.56","1,509.50","4.74M","-2.29%"
"29-11-2024","1,555.85","1,536.61","1,568.53","1,527.79","6.71M","2.12%"
"28-11-2024","1,523.61","1,508.30","1,532.28","1,489.06","4.79M","2.18%"
"27-11-2024","1,491.06","1,484.98","1,498.64","1,425.69","8.96M","1.02%"
"26-11-2024","1,476.02","1,531.62","1,551.94","1,463.00","13.15M","-5.46%"
"25-11-2024","1,561.20","1,612.23","1,650.54","1,528.00","36.85M","-0.70%"
"22-11-2024","1,572.24","1,573.92","1,593.81","1,552.64","4.59M","0.53%"
"21-11-2024","1,563.98","1,578.92","1,604.90","1,522.29","7.24M","-0.68%"
"19-11-2024","1,574.71","1,581.58","1,618.23","1,563.46","6.99M","0.45%"
"18-11-2024","1,567.59","1,520.29","1,578.92","1,489.60","7.52M","3.48%"
"14-11-2024","1,514.90","1,498.64","1,553.94","1,497.31","5.64M","1.25%"
"13-11-2024","1,496.24","1,578.10","1,595.24","1,482.89","10.94M","-3.98%"
"12-11-2024","1,558.33","1,557.27","1,593.54","1,539.30","5.43M","1.19%"
"11-11-2024","1,540.00","1,557.27","1,581.50","1,518.96","5.96M","-1.51%"
"08-11-2024","1,563.56","1,633.55","1,655.20","1,549.04","9.58M","-3.66%"
"07-11-2024","1,622.91","1,570.77","1,631.35","1,565.60","9.63M","4.00%"
"06-11-2024","1,560.45","1,548.27","1,603.90","1,538.43","9.58M","1.77%"
"05-11-2024","1,533.27","1,480.65","1,540.61","1,466.43","8.04M","4.29%"
"04-11-2024","1,470.21","1,480.32","1,518.96","1,456.34","6.47M","-1.12%"
"01-11-2024","1,486.87","1,493.08","1,506.97","1,470.51","1.53M","-0.04%"
"31-10-2024","1,487.52","1,454.00","1,496.41","1,437.38","5.85M","2.88%"
"30-10-2024","1,445.89","1,430.02","1,506.97","1,418.56","9.41M","1.32%"
"29-10-2024","1,427.04","1,394.38","1,432.35","1,378.09","4.74M","2.85%"
"28-10-2024","1,387.45","1,372.39","1,415.03","1,361.43","5.33M","2.52%"
"25-10-2024","1,353.32","1,440.65","1,440.65","1,330.31","7.14M","-6.06%"
"24-10-2024","1,440.66","1,430.69","1,458.93","1,424.21","6.04M","1.21%"
"23-10-2024","1,423.43","1,369.06","1,465.66","1,336.09","10.12M","4.47%"
"22-10-2024","1,362.48","1,452.34","1,453.67","1,349.44","8.45M","-5.63%"
"21-10-2024","1,443.81","1,439.35","1,485.32","1,436.05","8.40M","1.39%"
"18-10-2024","1,423.96","1,411.37","1,479.99","1,366.06","17.13M","0.41%"
"17-10-2024","1,418.21","1,508.48","1,517.89","1,399.04","10.88M","-5.84%"
"16-10-2024","1,506.25","1,523.96","1,540.61","1,472.29","18.92M","-4.85%"
"15-10-2024","1,583.00","1,618.89","1,628.02","1,555.60","12.61M","-1.19%"
"14-10-2024","1,602.07","1,510.97","1,662.13","1,510.95","38.13M","6.96%"
"11-10-2024","1,497.79","1,420.69","1,515.63","1,415.26","19.46M","6.65%"
"10-10-2024","1,404.42","1,405.37","1,448.68","1,387.60","10.44M","0.84%"
"09-10-2024","1,392.73","1,434.68","1,464.00","1,385.72","16.57M","-1.45%"
"08-10-2024","1,413.25","1,287.07","1,424.03","1,276.18","21.07M","10.88%"
"07-10-2024","1,274.61","1,395.71","1,419.03","1,259.49","18.47M","-6.86%"
"04-10-2024","1,368.45","1,325.76","1,397.14","1,282.79","22.81M","3.91%"
"03-10-2024","1,316.97","1,265.80","1,410.70","1,247.50","33.67M","2.45%"
"01-10-2024","1,285.42","1,247.48","1,305.77","1,229.19","10.90M","4.73%"
"30-09-2024","1,227.38","1,192.52","1,274.13","1,192.50","8.31M","1.06%"
"27-09-2024","1,214.49","1,252.48","1,256.34","1,207.51","2.93M","-3.01%"
"26-09-2024","1,252.16","1,310.77","1,312.42","1,244.15","5.73M","-2.05%"
"25-09-2024","1,278.41","1,330.09","1,333.42","1,274.49","4.75M","-3.58%"
"24-09-2024","1,325.81","1,316.43","1,358.07","1,302.84","7.34M","1.22%"
"23-09-2024","1,309.89","1,332.75","1,399.04","1,297.80","15.61M","-1.32%"
"20-09-2024","1,327.41","1,244.15","1,349.08","1,225.51","20.52M","7.38%"
"19-09-2024","1,236.22","1,297.78","1,297.78","1,191.17","18.74M","-4.75%"
"18-09-2024","1,297.83","1,115.24","1,314.10","1,114.24","46.90M","16.87%"
"17-09-2024","1,110.47","1,139.22","1,184.86","1,104.24","12.25M","-2.86%"
"16-09-2024","1,143.15","985.99","1,152.21","984.33","31.98M","18.23%"
"13-09-2024","966.90","963.34","977.83","957.34","2.26M","1.17%"
"12-09-2024","955.68","962.01","967.67","943.27","1.15M","-0.45%"
"11-09-2024","959.98","949.68","981.30","942.29","2.19M","1.10%"
"10-09-2024","949.58","946.02","956.01","937.08","1.33M","0.56%"
"09-09-2024","944.29","939.09","949.02","913.14","1.67M","0.37%"
"06-09-2024","940.77","966.70","976.81","934.36","2.17M","-2.30%"
"05-09-2024","962.87","922.04","964.34","922.04","4.59M","4.72%"
"04-09-2024","919.49","901.05","937.69","899.72","2.27M","1.04%"
"03-09-2024","910.03","919.40","925.43","899.42","1.31M","-1.20%"
"02-09-2024","921.07","945.85","945.85","916.37","1.69M","-2.38%"
"30-08-2024","943.57","945.69","949.35","934.69","1.99M","0.74%"
"29-08-2024","936.61","927.37","945.02","920.10","3.24M","1.12%"
"28-08-2024","926.25","921.04","944.49","913.21","4.71M","2.98%"
"27-08-2024","899.47","910.38","917.19","893.06","1.47M","-1.00%"
"26-08-2024","908.59","917.84","921.70","902.75","1.15M","-0.51%"
"23-08-2024","913.26","908.33","932.69","899.75","4.19M","0.54%"
"22-08-2024","908.33","896.72","916.04","889.22","2.29M","1.37%"
"21-08-2024","896.02","905.38","917.54","886.83","1.63M","-0.48%"
"20-08-2024","900.38","893.89","920.37","883.40","4.05M","1.00%"
"19-08-2024","891.46","890.04","906.05","881.40","2.37M","1.14%"
"16-08-2024","881.38","857.08","891.72","846.94","3.86M","3.37%"
"14-08-2024","852.65","869.40","869.74","841.09","1.25M","-1.25%"
"13-08-2024","863.43","862.08","872.00","847.42","1.87M","0.79%"
"12-08-2024","856.63","866.07","881.06","854.75","1.95M","-2.98%"
"09-08-2024","882.90","874.38","893.06","853.47","5.32M","1.95%"
"08-08-2024","866.01","885.06","885.06","842.76","10.93M","8.39%"
"07-08-2024","798.97","792.79","804.78","780.10","1.84M","3.50%"
"06-08-2024","771.92","811.23","829.43","768.17","2.74M","-2.94%"
"05-08-2024","795.32","814.11","828.97","779.47","4.51M","-6.87%"
"02-08-2024","853.98","857.75","872.40","851.70","2.21M","-3.01%"
"01-08-2024","880.48","869.74","886.06","856.50","5.43M","3.39%"
"31-07-2024","851.57","791.16","868.64","790.79","10.28M","5.98%"
"30-07-2024","803.55","812.78","819.42","802.03","953.78K","-1.15%"
"29-07-2024","812.86","821.54","823.75","807.45","1.33M","-0.30%"
"26-07-2024","815.28","823.92","825.37","806.68","1.35M","-0.84%"
"25-07-2024","822.20","799.45","829.60","786.48","4.32M","2.27%"
"24-07-2024","803.95","747.82","811.11","747.36","6.47M","8.41%"
"23-07-2024","741.59","735.10","764.48","704.52","4.47M","0.81%"
"22-07-2024","735.61","739.49","765.48","726.17","1.67M","-1.97%"
"19-07-2024","750.40","761.48","762.94","748.09","1.70M","-2.07%"
"18-07-2024","766.28","787.79","788.43","760.81","2.26M","-2.99%"
"16-07-2024","789.93","789.46","800.97","787.79","1.23M","0.01%"
"15-07-2024","789.88","792.79","795.79","776.14","1.99M","0.32%"
"12-07-2024","787.39","786.88","794.46","778.90","1.86M","1.34%"
"11-07-2024","776.98","756.82","795.46","756.82","7.04M","3.47%"
"10-07-2024","750.90","776.47","794.12","747.82","6.90M","-3.52%"
"09-07-2024","778.33","796.12","817.42","775.47","3.50M","-1.84%"
"08-07-2024","792.91","802.78","806.11","784.80","1.79M","-1.04%"
"05-07-2024","801.23","822.10","822.30","797.79","2.51M","-2.12%"
"04-07-2024","818.56","818.77","832.43","817.44","1.62M","-0.02%"
"03-07-2024","818.69","831.10","835.93","815.11","2.18M","-1.18%"
"02-07-2024","828.47","852.75","852.75","827.10","3.24M","-3.38%"
"01-07-2024","857.45","866.07","872.65","856.10","1.75M","-0.33%"
"28-06-2024","860.26","859.74","880.30","852.77","3.30M","1.13%"
"27-06-2024","850.68","849.42","854.42","841.09","1.75M","0.50%"
"26-06-2024","846.45","843.42","851.43","833.10","1.61M","0.81%"
"25-06-2024","839.61","837.76","847.75","832.76","1.36M","0.90%"
"24-06-2024","832.08","849.42","849.42","830.10","2.89M","-2.43%"
"21-06-2024","852.82","879.73","889.39","848.42","2.25M","-3.00%"
"20-06-2024","879.21","906.05","906.05","863.41","2.45M","-2.58%"
"19-06-2024","902.47","912.04","912.04","899.38","1.30M","-1.06%"
"18-06-2024","912.16","919.37","920.90","907.71","1.41M","-0.74%"
"14-06-2024","919.00","912.71","925.28","899.97","1.58M","0.83%"
"13-06-2024","911.44","902.38","915.57","901.00","1.56M","1.23%"
"12-06-2024","900.33","894.39","905.71","889.39","2.23M","1.14%"
"11-06-2024","890.19","891.06","895.97","888.06","2.24M","0.44%"
"10-06-2024","886.29","893.32","905.38","884.11","1.53M","-0.79%"
"07-06-2024","893.32","899.77","902.07","883.56","1.81M","-0.72%"
"06-06-2024","899.77","899.72","911.71","893.72","2.55M","1.45%"
"05-06-2024","886.94","854.42","891.89","816.87","3.24M","4.13%"
"04-06-2024","851.75","899.38","899.72","807.78","5.35M","-5.57%"
"03-06-2024","902.02","932.36","939.36","899.38","3.46M","0.52%"
"31-05-2024","897.34","856.90","901.05","835.89","3.79M","5.44%"
"30-05-2024","851.02","879.40","888.06","844.86","2.91M","-3.12%"
"29-05-2024","878.47","896.05","898.70","875.18","1.58M","-2.42%"
"28-05-2024","900.23","902.72","908.05","893.41","1.44M","-0.04%"
"27-05-2024","900.55","911.69","913.97","883.40","2.01M","-0.97%"
"24-05-2024","909.41","876.07","919.37","871.72","4.13M","4.44%"
"23-05-2024","870.72","884.89","894.04","868.41","2.83M","-1.58%"
"22-05-2024","884.68","911.04","917.71","883.38","3.30M","-2.58%"
"21-05-2024","908.15","930.70","930.70","906.05","2.61M","-2.43%"
"18-05-2024","930.78","930.80","939.32","928.70","335.16K","0.40%"
"17-05-2024","927.03","939.36","947.95","917.72","1.70M","-1.25%"
"16-05-2024","938.81","960.68","960.81","929.03","2.03M","-0.79%"
"15-05-2024","946.32","905.15","955.68","904.30","4.48M","5.90%"
"14-05-2024","893.61","869.40","902.70","866.12","2.21M","3.27%"
"13-05-2024","865.29","891.36","891.36","855.73","2.19M","-1.98%"
"10-05-2024","882.73","903.55","915.76","879.41","2.55M","-2.22%"
"09-05-2024","902.77","929.70","961.01","899.38","3.47M","-3.87%"
"08-05-2024","939.16","924.37","942.69","922.85","1.66M","0.43%"
"07-05-2024","935.18","951.02","951.02","912.04","3.08M","-1.33%"
"06-05-2024","947.75","957.68","957.68","924.37","2.32M","-0.19%"
"03-05-2024","949.60","961.91","964.14","937.14","2.83M","-0.28%"
"02-05-2024","952.26","956.68","966.01","942.69","6.13M","2.46%"
"30-04-2024","929.41","940.96","961.01","925.37","7.26M","0.68%"
"29-04-2024","923.12","908.86","964.32","870.10","33.74M","-13.68%"
"26-04-2024","1,069.38","1,036.29","1,075.86","1,036.29","2.63M","1.99%"
"25-04-2024","1,048.47","1,044.62","1,073.60","1,042.60","3.70M","0.56%"
"24-04-2024","1,042.60","1,079.54","1,087.49","1,022.63","6.38M","-2.19%"
"23-04-2024","1,065.89","956.78","1,081.73","956.01","12.19M","12.22%"
"22-04-2024","949.78","931.43","956.01","931.43","1.67M","2.99%"
"19-04-2024","922.22","913.37","932.69","900.47","1.84M","-0.45%"
"18-04-2024","926.40","952.25","964.51","914.37","2.19M","-1.93%"
"16-04-2024","944.60","927.70","950.70","927.13","2.03M","1.85%"
"15-04-2024","927.45","914.94","955.63","907.71","2.97M","-1.58%"
"12-04-2024","942.34","952.85","984.29","937.72","3.54M","-1.21%"
"10-04-2024","953.85","914.57","966.01","897.95","3.87M","4.29%"
"09-04-2024","914.61","933.36","936.96","910.38","1.59M","-2.00%"
"08-04-2024","933.26","961.97","966.90","922.72","2.37M","-2.57%"
"05-04-2024","957.88","956.01","977.66","949.35","2.66M","-0.50%"
"04-04-2024","962.74","960.68","978.00","924.87","4.81M","1.01%"
"03-04-2024","953.08","912.71","959.34","907.71","4.65M","3.80%"
"02-04-2024","918.15","905.56","925.07","889.72","5.56M","1.71%"
"01-04-2024","902.68","851.88","907.38","842.76","9.28M","7.71%"
"28-03-2024","838.06","828.83","856.08","804.70","5.04M","2.12%"
"27-03-2024","820.64","776.80","824.57","771.81","6.94M","6.64%"
"26-03-2024","769.54","740.83","774.47","737.83","3.70M","5.11%"
"22-03-2024","732.10","749.15","757.78","729.50","1.89M","-2.02%"
"21-03-2024","747.19","694.86","755.22","691.21","6.04M","10.33%"
"20-03-2024","677.25","656.22","679.53","656.22","2.79M","3.91%"
"19-03-2024","651.77","679.53","681.53","646.57","2.11M","-3.87%"
"18-03-2024","678.04","691.86","691.86","669.54","2.17M","-2.25%"
"15-03-2024","693.66","684.48","697.69","674.89","1.43M","1.66%"
"14-03-2024","682.35","670.21","698.84","657.42","2.40M","1.83%"
"13-03-2024","670.11","746.16","756.15","657.03","4.97M","-6.37%"
"12-03-2024","715.69","734.20","734.20","686.20","3.54M","-2.52%"
"11-03-2024","734.20","747.44","747.44","729.62","1.68M","-1.77%"
"07-03-2024","747.44","760.81","765.91","746.16","1.55M","-2.40%"
"06-03-2024","765.83","761.81","776.14","749.49","2.19M","0.53%"
"05-03-2024","761.81","774.24","774.24","757.48","956.67K","-1.40%"
"04-03-2024","772.65","787.93","788.13","769.47","762.20K","-1.40%"
"02-03-2024","783.61","779.67","786.46","774.34","150.47K","0.68%"
"01-03-2024","778.28","789.46","794.76","774.47","1.93M","-1.28%"
"29-02-2024","788.41","772.79","792.79","761.93","1.20M","1.26%"
"28-02-2024","778.57","802.78","806.11","760.36","3.11M","-2.45%"
"27-02-2024","798.15","763.03","802.48","759.48","3.61M","5.14%"
"26-02-2024","759.13","763.81","765.81","749.82","989.76K","0.09%"
"23-02-2024","758.41","741.14","782.46","735.16","2.71M","3.48%"
"22-02-2024","732.90","737.83","740.44","719.46","1.41M","-0.72%"
"21-02-2024","738.23","768.81","769.77","729.50","1.68M","-3.52%"
"20-02-2024","765.13","771.14","778.47","764.28","723.56K","-0.33%"
"19-02-2024","767.69","772.84","783.50","763.48","1.78M","0.04%"
"16-02-2024","767.41","780.80","781.03","766.16","813.64K","-0.86%"
"15-02-2024","774.07","789.46","793.46","771.14","1.17M","-1.00%"
"14-02-2024","781.86","759.48","793.89","757.81","912.11K","0.23%"
"13-02-2024","780.10","797.79","798.79","763.49","1.25M","-0.86%"
"12-02-2024","786.88","832.76","834.53","774.54","1.64M","-5.12%"
"09-02-2024","829.30","840.32","856.41","801.78","2.30M","-0.88%"
"08-02-2024","836.68","842.76","843.42","816.11","1.67M","0.40%"
"07-02-2024","833.36","829.43","846.07","810.36","2.40M","1.31%"
"06-02-2024","822.55","852.42","852.42","792.92","4.93M","-3.58%"
"05-02-2024","853.10","826.10","865.72","826.10","4.63M","3.90%"
"02-02-2024","821.10","836.09","838.89","811.79","3.06M","-1.14%"
"01-02-2024","830.58","780.37","835.43","779.47","7.85M","7.31%"
"31-01-2024","774.00","735.90","780.42","727.84","3.28M","6.21%"
"30-01-2024","728.77","712.80","739.49","711.85","2.26M","2.77%"
"29-01-2024","709.15","710.38","722.84","706.22","1.33M","0.33%"
"25-01-2024","706.83","703.57","717.98","702.54","2.36M","0.46%"
"24-01-2024","703.57","699.52","716.06","659.75","4.34M","0.04%"
"23-01-2024","703.27","747.49","750.82","699.52","2.79M","-5.80%"
"20-01-2024","746.57","761.51","761.51","744.02","667.37K","-1.52%"
"19-01-2024","758.10","771.14","776.14","747.82","1.55M","-0.95%"
"18-01-2024","765.38","763.48","775.39","752.82","2.13M","0.47%"
"17-01-2024","761.81","762.81","784.76","755.95","3.39M","-0.94%"
"16-01-2024","769.06","747.49","772.80","746.16","2.87M","3.15%"
"15-01-2024","745.61","745.19","752.48","734.91","3.95M","0.06%"
"12-01-2024","745.19","754.82","755.13","741.19","1.59M","-0.83%"
"11-01-2024","751.42","754.48","762.48","750.85","1.13M","-0.17%"
"10-01-2024","752.67","766.14","772.77","746.91","1.39M","-1.80%"
"09-01-2024","766.48","762.24","768.14","758.65","1.25M","1.14%"
"08-01-2024","757.85","769.46","772.79","754.07","2.51M","-1.24%"
"05-01-2024","767.39","761.81","769.47","756.78","1.60M","1.17%"
"04-01-2024","758.51","751.15","764.13","746.16","1.47M","1.05%"
"03-01-2024","750.60","745.76","757.48","736.16","1.57M","0.78%"
"02-01-2024","744.81","737.56","766.14","733.00","2.80M","1.49%"
"01-01-2024","733.85","741.16","742.08","729.50","1.46M","-0.82%"
"29-12-2023","739.89","747.49","747.79","733.50","1.94M","-0.99%"
"28-12-2023","747.26","758.48","766.48","744.16","1.61M","-1.04%"
"27-12-2023","755.08","773.54","776.12","752.15","2.22M","-1.90%"
"26-12-2023","769.67","777.13","786.93","766.18","2.05M","-0.40%"
"22-12-2023","772.77","781.33","792.12","767.04","1.61M","-0.60%"
"21-12-2023","777.43","765.48","780.42","739.54","2.79M","0.96%"
"20-12-2023","770.06","803.12","822.10","757.81","4.71M","-3.69%"
"19-12-2023","799.57","792.79","806.11","777.57","2.42M","1.21%"
"18-12-2023","790.04","775.37","797.02","757.85","2.94M","2.51%"
"15-12-2023","770.71","787.41","790.13","769.47","1.79M","-1.58%"
"14-12-2023","783.05","794.79","805.45","779.50","2.03M","-0.59%"
"13-12-2023","787.69","771.77","807.78","771.77","4.25M","2.53%"
"12-12-2023","768.24","788.29","793.79","766.14","2.44M","-2.00%"
"11-12-2023","783.93","807.91","819.04","762.16","2.78M","-2.66%"
"08-12-2023","805.33","822.97","827.77","802.78","1.87M","-1.88%"
"07-12-2023","820.80","830.43","839.09","817.76","2.45M","-0.89%"
"06-12-2023","828.13","815.11","839.24","797.80","3.82M","1.72%"
"05-12-2023","814.13","840.09","840.81","808.45","3.62M","-2.70%"
"04-12-2023","836.73","856.75","864.41","826.95","3.94M","0.53%"
"01-12-2023","832.31","832.76","857.75","824.47","5.61M","0.88%"
"30-11-2023","825.09","807.71","847.52","799.45","8.61M","2.03%"
"29-11-2023","808.65","788.46","813.44","772.80","6.09M","3.36%"
"28-11-2023","782.38","747.82","789.43","747.82","8.86M","8.20%"
"24-11-2023","723.07","709.65","728.43","689.98","4.39M","2.28%"
"23-11-2023","706.97","699.25","716.76","696.61","4.71M","1.61%"
"22-11-2023","695.77","719.59","740.78","691.36","7.98M","-2.82%"
"21-11-2023","715.99","766.14","781.12","712.18","8.60M","-5.02%"
"20-11-2023","753.82","815.81","824.44","749.50","7.39M","-6.15%"
"17-11-2023","803.22","779.35","814.44","775.47","7.36M","3.66%"
"16-11-2023","774.89","766.48","781.47","753.28","5.65M","1.04%"
"15-11-2023","766.93","792.46","793.79","747.99","9.58M","-0.84%"
"13-11-2023","773.44","711.11","782.80","702.85","14.34M","9.21%"
"12-11-2023","708.20","700.19","722.34","699.52","4.70M","5.73%"
"10-11-2023","669.79","656.22","684.53","654.60","5.08M","2.41%"
"09-11-2023","654.04","689.53","690.19","649.92","5.07M","-5.18%"
"08-11-2023","689.76","676.27","694.32","671.21","6.93M","2.71%"
"07-11-2023","671.56","622.21","676.65","616.24","12.12M","8.20%"
"06-11-2023","620.66","605.59","626.04","591.08","3.65M","3.54%"
"03-11-2023","599.46","597.92","607.38","593.78","2.81M","1.61%"
"02-11-2023","589.95","605.85","619.58","583.10","4.68M","-1.31%"
"01-11-2023","597.79","625.57","629.57","593.49","5.32M","-3.67%"
"31-10-2023","620.58","632.90","648.19","616.28","6.28M","-1.83%"
"30-10-2023","632.13","619.91","637.20","591.93","6.51M","1.86%"
"27-10-2023","620.56","615.91","637.16","613.26","8.97M","3.54%"
"26-10-2023","599.32","589.60","609.50","528.36","19.53M","0.59%"
"25-10-2023","595.83","582.93","608.92","564.65","14.48M","4.78%"
"23-10-2023","568.66","546.29","598.92","543.89","21.34M","7.52%"
"20-10-2023","528.90","516.31","530.97","512.25","5.45M","3.26%"
"19-10-2023","512.18","494.66","515.65","490.66","4.27M","3.35%"
"18-10-2023","495.56","492.33","497.99","488.33","1.87M","0.51%"
"17-10-2023","493.05","496.54","501.72","488.02","2.54M","-0.06%"
"16-10-2023","493.33","494.16","505.99","489.73","2.87M","-0.16%"
"13-10-2023","494.11","491.00","497.19","485.65","2.06M","0.60%"
"12-10-2023","491.18","498.04","504.57","478.69","4.08M","-0.49%"
"11-10-2023","493.58","482.67","501.66","482.67","6.74M","3.30%"
"10-10-2023","477.81","469.00","490.33","468.01","8.05M","3.65%"
"09-10-2023","461.00","454.36","479.67","453.04","7.54M","-1.25%"
"06-10-2023","466.85","444.10","472.68","443.70","9.08M","5.69%"
"05-10-2023","441.73","428.62","442.96","428.62","2.47M","3.58%"
"04-10-2023","426.47","434.37","443.03","417.26","2.85M","-1.35%"
"03-10-2023","432.32","433.04","435.77","426.71","1.56M","-0.01%"
"29-09-2023","432.35","432.70","442.70","425.66","3.32M","0.23%"
"28-09-2023","431.34","437.37","453.02","425.73","5.19M","-0.98%"
"27-09-2023","435.62","427.14","437.37","420.95","4.80M","2.39%"
"26-09-2023","425.44","403.96","428.72","399.91","6.66M","5.82%"
"25-09-2023","402.06","411.05","415.62","386.85","3.37M","0.89%"
"22-09-2023","398.51","391.40","401.89","384.67","3.31M","1.76%"
"21-09-2023","391.62","399.73","400.99","390.25","3.76M","-2.15%"
"20-09-2023","400.23","414.38","417.58","391.75","4.59M","-3.60%"
"18-09-2023","415.17","415.05","430.99","411.88","3.20M","-2.09%"
"15-09-2023","424.03","429.04","443.70","419.71","3.07M","-0.79%"
"14-09-2023","427.41","435.87","441.03","425.04","3.31M","-1.32%"
"13-09-2023","433.12","422.01","439.35","406.01","8.08M","0.17%"
"12-09-2023","432.39","457.02","460.62","410.69","10.71M","-5.19%"
"11-09-2023","456.07","446.36","479.01","443.08","9.81M","3.38%"
"08-09-2023","441.18","419.71","449.03","418.05","8.50M","5.83%"
"07-09-2023","416.88","399.68","421.05","393.08","10.93M","3.83%"
"06-09-2023","401.51","388.40","409.39","369.08","17.62M","1.53%"
"05-09-2023","395.46","399.73","405.79","385.75","14.85M","-0.09%"
"04-09-2023","395.81","370.58","400.74","361.62","22.21M","5.51%"
"01-09-2023","375.13","355.19","379.34","341.10","30.10M","5.97%"
"31-08-2023","354.01","320.78","361.39","317.32","30.96M","9.81%"
"30-08-2023","322.38","304.76","329.44","302.61","18.71M","6.36%"
"29-08-2023","303.11","303.09","303.96","300.49","2.05M","0.28%"
"28-08-2023","302.26","302.41","304.24","297.46","2.72M","0.46%"
"25-08-2023","300.89","298.13","302.79","295.00","3.10M","-0.12%"
"24-08-2023","301.24","306.12","311.77","296.83","5.16M","-1.03%"
"23-08-2023","304.36","298.76","309.47","297.31","5.99M","1.59%"
"22-08-2023","299.59","298.01","302.13","297.15","4.63M","1.05%"
"21-08-2023","296.48","289.25","298.43","287.69","4.21M","3.02%"
"18-08-2023","287.80","286.95","290.47","282.46","3.31M","0.30%"
"17-08-2023","286.95","279.76","291.13","279.76","4.00M","2.57%"
"16-08-2023","279.76","289.77","289.77","278.31","5.12M","-4.56%"
"14-08-2023","293.12","298.75","298.75","290.47","3.00M","-2.05%"
"11-08-2023","299.26","298.13","303.46","296.80","4.93M","0.67%"
"10-08-2023","297.28","305.79","308.12","288.30","17.53M","-3.35%"
"09-08-2023","307.59","295.01","308.79","294.35","14.20M","4.62%"
"08-08-2023","294.00","289.40","295.76","289.22","5.78M","1.72%"
"07-08-2023","289.04","287.99","291.47","283.79","4.16M","0.75%"
"04-08-2023","286.90","279.81","287.79","279.49","6.17M","2.77%"
"03-08-2023","279.18","278.14","283.74","272.51","5.34M","0.10%"
"02-08-2023","278.89","281.81","291.25","272.48","13.05M","-0.56%"
"01-08-2023","280.47","270.48","281.81","267.82","10.14M","4.04%"
"31-07-2023","269.57","268.48","271.15","263.20","6.44M","0.90%"
"28-07-2023","267.17","260.49","269.82","255.16","9.30M","2.87%"
"27-07-2023","259.71","256.92","265.78","256.82","8.42M","1.41%"
"26-07-2023","256.11","246.33","257.82","246.11","9.59M","4.22%"
"25-07-2023","245.75","244.13","247.83","242.50","2.50M","1.27%"
"24-07-2023","242.67","246.95","247.11","241.72","1.93M","-1.24%"
"21-07-2023","245.72","245.17","251.48","244.22","2.57M","-0.07%"
"20-07-2023","245.88","245.60","248.15","244.23","2.23M","0.11%"
"19-07-2023","245.60","246.15","249.16","243.18","2.83M","0.01%"
"18-07-2023","245.57","251.49","252.39","244.17","2.66M","-1.86%"
"17-07-2023","250.23","253.16","253.28","249.50","2.71M","-0.82%"
"14-07-2023","252.31","246.58","254.81","246.58","7.11M","2.87%"
"13-07-2023","245.27","253.83","257.06","242.83","7.91M","-2.55%"
"12-07-2023","251.69","234.16","262.47","233.84","29.90M","7.92%"
"11-07-2023","233.21","232.69","234.51","231.96","2.66M","0.63%"
"10-07-2023","231.74","234.84","236.09","230.58","4.25M","-1.66%"
"07-07-2023","235.64","235.76","239.77","232.04","12.79M","0.27%"
"06-07-2023","235.01","227.51","236.72","223.68","29.48M","3.70%"
"05-07-2023","226.63","224.18","228.18","221.91","6.97M","1.12%"
"04-07-2023","224.11","224.01","228.18","220.52","15.45M","0.51%"
"03-07-2023","222.98","203.79","224.85","203.78","30.46M","10.00%"
"30-06-2023","202.71","205.66","205.74","201.90","2.47M","-1.01%"
"28-06-2023","204.78","205.03","207.96","203.56","7.54M","2.39%"
"27-06-2023","200.00","199.70","201.50","197.73","2.69M","0.61%"
"26-06-2023","198.78","203.53","203.81","196.20","4.02M","-1.94%"
"23-06-2023","202.71","201.18","206.51","198.53","11.74M","0.88%"
"22-06-2023","200.95","195.20","203.63","194.95","20.68M","5.44%"
"21-06-2023","190.59","190.50","194.03","190.19","2.18M","0.05%"
"20-06-2023","190.50","189.52","191.37","188.20","1.50M","0.54%"
"19-06-2023","189.47","191.59","192.00","188.87","1.39M","-0.60%"
"16-06-2023","190.62","191.54","193.42","189.87","2.63M","-0.30%"
"15-06-2023","191.19","190.97","194.20","189.80","3.94M","0.61%"
"14-06-2023","190.04","188.20","191.00","188.09","2.56M","1.34%"
"13-06-2023","187.52","190.97","191.52","186.21","2.61M","-1.31%"
"12-06-2023","190.00","185.21","191.67","183.69","3.26M","2.88%"
"09-06-2023","184.69","186.87","187.52","183.87","954.44K","-0.78%"
"08-06-2023","186.14","189.00","189.99","185.37","1.65M","-1.19%"
"07-06-2023","188.39","189.42","191.50","188.02","1.77M","-0.04%"
"06-06-2023","188.47","191.79","192.85","186.61","2.13M","-1.89%"
"05-06-2023","192.10","192.02","194.03","190.89","2.48M","0.82%"
"02-06-2023","190.54","191.20","193.87","189.24","2.73M","0.23%"
"01-06-2023","190.10","186.41","191.87","185.89","5.72M","2.33%"
"31-05-2023","185.77","180.41","187.97","179.28","6.21M","2.89%"
"30-05-2023","180.56","180.54","181.14","178.94","985.07K","-0.01%"
"29-05-2023","180.58","179.88","182.19","179.14","1.57M","1.07%"
"26-05-2023","178.66","177.96","179.59","177.38","1.04M","0.39%"
"25-05-2023","177.96","176.88","179.58","175.21","1.31M","0.72%"
"24-05-2023","176.68","177.61","178.33","176.06","1.13M","-0.55%"
"23-05-2023","177.65","176.18","180.61","175.88","1.77M","1.22%"
"22-05-2023","175.51","174.88","176.41","173.55","1.04M","0.52%"
"19-05-2023","174.60","176.51","176.53","173.55","1.36M","-1.08%"
"18-05-2023","176.51","179.28","180.54","175.21","1.52M","-1.30%"
"17-05-2023","178.84","180.13","180.89","177.38","1.37M","-0.52%"
"16-05-2023","179.78","181.81","184.17","178.88","1.74M","-1.12%"
"15-05-2023","181.81","181.74","184.86","178.94","2.81M","-0.71%"
"12-05-2023","183.11","183.21","186.52","181.54","8.28M","1.77%"
"11-05-2023","179.93","177.05","181.19","176.75","3.31M","2.14%"
"10-05-2023","176.16","177.55","178.54","174.25","1.70M","-0.38%"
"09-05-2023","176.83","179.56","181.98","175.91","3.90M","-0.93%"
"08-05-2023","178.49","170.48","179.88","170.22","4.58M","5.04%"
"05-05-2023","169.92","171.62","174.35","168.72","1.86M","-1.02%"
"04-05-2023","171.67","173.15","174.85","171.08","1.66M","-0.64%"
"03-05-2023","172.78","175.65","177.05","172.10","2.53M","-1.63%"
"02-05-2023","175.65","174.88","178.88","174.26","3.30M","0.84%"
"28-04-2023","174.18","174.88","176.28","171.88","4.73M","0.42%"
"27-04-2023","173.46","166.35","174.51","166.19","10.00M","4.31%"
"26-04-2023","166.30","166.55","169.72","164.37","7.82M","0.92%"
"25-04-2023","164.79","152.90","166.15","152.73","14.90M","8.02%"
"24-04-2023","152.55","150.56","154.56","150.56","1.67M","1.46%"
"21-04-2023","150.36","150.23","151.63","149.56","938.99K","0.34%"
"20-04-2023","149.85","152.06","152.38","148.96","1.10M","-1.00%"
"19-04-2023","151.36","155.63","156.18","150.90","1.31M","-2.74%"
"18-04-2023","155.63","153.56","158.06","153.54","2.03M","1.37%"
"17-04-2023","153.53","152.56","154.88","150.58","1.27M","0.36%"
"13-04-2023","152.98","153.26","154.54","151.93","833.10K","-0.66%"
"12-04-2023","153.99","155.26","157.53","152.73","1.82M","-0.19%"
"11-04-2023","154.29","153.06","156.46","151.91","2.03M","1.22%"
"10-04-2023","152.43","150.56","153.05","149.90","1.40M","1.62%"
"06-04-2023","150.00","149.90","152.46","148.96","1.71M","-0.12%"
"05-04-2023","150.18","149.90","152.23","148.18","1.53M","0.30%"
"03-04-2023","149.73","144.90","151.10","144.27","3.37M","4.31%"
"31-03-2023","143.55","139.90","146.15","139.60","3.77M","3.63%"
"29-03-2023","138.52","136.46","139.90","135.77","2.92M","1.97%"
"28-03-2023","135.84","138.12","139.22","135.31","2.04M","-1.13%"
"27-03-2023","137.39","141.72","142.47","136.62","2.19M","-3.06%"
"24-03-2023","141.72","146.55","147.67","140.64","1.90M","-3.02%"
"23-03-2023","146.13","146.90","148.80","145.90","1.15M","-0.46%"
"22-03-2023","146.80","145.47","148.88","145.40","1.24M","1.23%"
"21-03-2023","145.02","144.90","146.40","144.58","982.11K","1.02%"
"20-03-2023","143.55","146.30","146.57","142.62","1.71M","-1.88%"
"17-03-2023","146.30","148.56","149.90","145.90","1.73M","-0.27%"
"16-03-2023","146.70","149.23","150.53","146.57","2.24M","-2.43%"
"15-03-2023","150.35","149.23","157.29","148.63","5.18M","1.50%"
"14-03-2023","148.13","147.18","150.23","146.08","1.78M","1.15%"
"13-03-2023","146.45","149.80","151.13","145.70","1.93M","-2.24%"
"10-03-2023","149.80","150.23","151.78","149.03","1.70M","-1.74%"
"09-03-2023","152.45","155.44","156.86","151.40","2.35M","-1.77%"
"08-03-2023","155.19","159.36","159.49","154.39","3.20M","-3.12%"
"06-03-2023","160.19","151.35","162.77","150.71","8.11M","7.26%"
"03-03-2023","149.35","149.18","151.31","148.05","2.54M","1.12%"
"02-03-2023","147.70","148.10","151.81","147.30","1.81M","-0.27%"
"01-03-2023","148.10","147.57","151.03","146.93","2.22M","0.87%"
"28-02-2023","146.82","145.90","148.88","145.08","2.55M","1.15%"
"27-02-2023","145.15","146.57","147.48","142.25","2.44M","-0.81%"
"24-02-2023","146.33","149.53","150.10","145.90","2.17M","-1.61%"
"23-02-2023","148.73","150.86","151.90","148.27","1.99M","-1.35%"
"22-02-2023","150.76","156.06","156.34","150.43","1.94M","-3.32%"
"21-02-2023","155.94","155.56","158.56","155.38","1.26M","-0.06%"
"20-02-2023","156.04","158.84","159.17","155.69","1.43M","-1.38%"
"17-02-2023","158.23","160.89","161.11","157.89","1.66M","-1.67%"
"16-02-2023","160.92","160.87","163.85","160.59","1.44M","0.07%"
"15-02-2023","160.81","160.42","163.20","159.99","1.10M","0.26%"
"14-02-2023","160.39","163.22","163.70","160.22","1.12M","-1.55%"
"13-02-2023","162.91","164.89","166.52","162.56","1.12M","-2.38%"
"10-02-2023","166.89","167.55","171.23","165.22","1.71M","-0.93%"
"09-02-2023","168.45","162.21","169.72","160.26","2.68M","3.90%"
"08-02-2023","162.12","165.22","165.89","161.84","1.83M","-1.40%"
"07-02-2023","164.42","166.55","167.22","163.89","1.07M","-0.96%"
"06-02-2023","166.02","166.59","168.13","165.24","1.12M","-0.34%"
"03-02-2023","166.59","168.22","169.92","164.89","1.22M","-0.69%"
"02-02-2023","167.74","166.89","170.72","165.90","1.25M","-0.03%"
"01-02-2023","167.79","171.88","174.68","166.30","1.77M","-1.89%"
"31-01-2023","171.03","169.20","171.85","168.45","1.14M","1.68%"
"30-01-2023","168.20","170.83","173.71","167.57","1.44M","-1.54%"
"27-01-2023","170.83","176.71","177.31","169.88","1.41M","-3.27%"
"25-01-2023","176.60","178.88","180.49","175.56","987.36K","-1.30%"
"24-01-2023","178.93","177.21","180.76","177.16","1.73M","1.41%"
"23-01-2023","176.45","174.11","181.09","173.43","2.01M","1.59%"
"20-01-2023","173.68","173.55","175.81","173.21","796.26K","0.31%"
"19-01-2023","173.15","175.50","175.88","172.58","1.35M","-1.34%"
"18-01-2023","175.50","176.88","177.71","174.96","728.84K","-0.76%"
"17-01-2023","176.85","178.21","178.98","175.80","709.14K","-0.69%"
"16-01-2023","178.08","178.71","179.19","177.00","583.52K","0.04%"
"13-01-2023","178.01","177.98","179.74","177.21","835.06K","0.36%"
"12-01-2023","177.38","179.21","179.53","176.88","737.95K","-0.69%"
"11-01-2023","178.61","179.88","182.21","178.23","1.26M","-0.25%"
"10-01-2023","179.06","178.54","180.54","178.26","808.99K","-0.12%"
"09-01-2023","179.28","180.58","183.81","178.21","989.87K","-0.70%"
"06-01-2023","180.54","182.54","182.82","179.94","791.13K","-0.97%"
"05-01-2023","182.31","184.64","185.34","181.14","749.84K","-0.63%"
"04-01-2023","183.47","188.87","188.87","183.21","1.24M","-2.61%"
"03-01-2023","188.39","186.21","190.20","184.32","1.27M","1.70%"
"02-01-2023","185.24","181.21","187.34","181.21","2.00M","2.05%"
"30-12-2022","181.51","179.88","182.33","179.71","1.19M","1.67%"
"29-12-2022","178.53","179.04","179.84","176.93","758.83K","-0.38%"
"28-12-2022","179.21","179.98","182.77","178.23","1.16M","0.02%"
"27-12-2022","179.18","179.54","181.81","178.38","1.10M","0.73%"
"26-12-2022","177.89","175.30","180.43","173.71","1.49M","1.48%"
"23-12-2022","175.30","181.54","182.41","174.88","2.12M","-4.21%"
"22-12-2022","183.01","188.19","189.19","180.76","2.19M","-2.20%"
"21-12-2022","187.12","194.53","194.67","185.96","1.99M","-3.11%"
"20-12-2022","193.13","192.53","195.45","192.15","1.40M","-0.17%"
"19-12-2022","193.45","196.92","197.26","193.07","1.44M","-1.76%"
"16-12-2022","196.92","192.87","198.20","191.94","3.79M","1.81%"
"15-12-2022","193.42","194.80","198.08","192.80","1.97M","-0.83%"
"14-12-2022","195.03","196.42","198.76","194.48","3.85M","-0.10%"
"13-12-2022","195.22","189.69","198.65","189.20","6.27M","3.30%"
"12-12-2022","188.99","190.64","190.64","188.54","916.18K","-1.00%"
"09-12-2022","190.89","192.20","192.72","190.37","1.38M","-0.40%"
"08-12-2022","191.65","193.20","193.70","191.20","1.14M","-1.09%"
"07-12-2022","193.77","194.53","195.87","191.67","1.89M","-0.16%"
"06-12-2022","194.08","189.20","196.20","188.87","3.09M","2.20%"
"05-12-2022","189.90","190.89","191.67","189.32","1.02M","-0.44%"
"02-12-2022","190.74","192.45","192.45","189.94","1.30M","-0.90%"
"01-12-2022","192.47","193.20","194.15","191.72","2.17M","0.10%"
"30-11-2022","192.27","192.70","193.87","191.87","1.20M","-0.53%"
"29-11-2022","193.30","193.20","194.45","191.27","3.33M","1.66%"
"28-11-2022","190.14","190.52","194.40","189.55","1.59M","-0.20%"
"25-11-2022","190.52","190.04","191.82","188.90","955.14K","0.53%"
"24-11-2022","189.52","186.04","191.54","186.04","1.87M","1.94%"
"23-11-2022","185.92","186.51","187.95","184.56","1.27M","0.28%"
"22-11-2022","185.41","188.00","188.27","184.96","1.15M","-0.92%"
"21-11-2022","187.14","188.87","191.37","186.56","1.16M","-0.94%"
"18-11-2022","188.92","191.54","191.54","188.37","1.12M","-0.91%"
"17-11-2022","190.65","192.85","193.10","190.20","967.31K","-1.14%"
"16-11-2022","192.85","194.52","194.87","191.90","940.80K","-0.70%"
"15-11-2022","194.20","196.50","198.00","193.22","1.62M","-1.37%"
"14-11-2022","196.90","191.54","199.78","190.30","4.17M","3.27%"
"11-11-2022","190.67","193.87","194.78","189.87","2.05M","-0.79%"
"10-11-2022","192.19","194.37","195.45","191.54","1.65M","-1.75%"
"09-11-2022","195.62","196.53","198.20","194.92","2.69M","-2.29%"
"07-11-2022","200.20","202.86","204.49","198.86","3.31M","-0.24%"
"04-11-2022","200.68","197.86","202.29","197.61","1.52M","1.62%"
"03-11-2022","197.48","197.70","198.75","196.20","1.05M","-0.18%"
"02-11-2022","197.83","199.28","199.28","196.82","844.14K","-0.22%"
"01-11-2022","198.26","197.33","199.53","197.05","1.07M","0.86%"
"31-10-2022","196.57","200.53","201.45","196.20","1.88M","-1.66%"
"28-10-2022","199.88","203.71","204.84","199.20","1.28M","-1.88%"
"27-10-2022","203.71","205.21","206.86","203.08","2.21M","0.06%"
"25-10-2022","203.58","197.03","205.76","194.45","4.39M","3.65%"
"24-10-2022","196.42","196.53","196.53","195.22","542.09K","1.11%"
"21-10-2022","194.27","195.10","196.87","193.57","1.27M","0.08%"
"20-10-2022","194.12","195.17","195.53","193.58","1.09M","-1.02%"
"19-10-2022","196.13","197.88","198.90","195.73","1.57M","-0.20%"
"18-10-2022","196.53","197.07","199.41","195.27","1.13M","0.23%"
"17-10-2022","196.08","196.53","197.55","195.20","954.72K","-1.12%"
"14-10-2022","198.30","199.86","202.01","197.86","1.13M","0.70%"
"13-10-2022","196.92","196.85","198.16","195.60","737.42K","-0.29%"
"12-10-2022","197.50","198.20","199.35","195.13","1.56M","-0.23%"
"11-10-2022","197.95","203.03","204.98","196.25","1.69M","-2.35%"
"10-10-2022","202.71","202.53","203.64","201.35","1.03M","-1.41%"
"07-10-2022","205.61","203.49","206.16","202.81","1.48M","1.04%"
"06-10-2022","203.49","205.16","207.42","203.19","1.92M","-0.11%"
"04-10-2022","203.71","204.01","204.86","202.53","1.29M","1.58%"
"03-10-2022","200.55","202.29","204.86","198.73","1.35M","-0.63%"
"30-09-2022","201.83","200.16","205.64","200.16","1.68M","0.83%"
"29-09-2022","200.16","204.19","204.53","198.20","1.32M","-0.46%"
"28-09-2022","201.08","199.86","203.59","199.86","1.38M","-1.01%"
"27-09-2022","203.14","205.33","207.52","201.05","1.66M","0.50%"
"26-09-2022","202.13","208.19","209.46","200.98","2.43M","-3.99%"
"23-09-2022","210.52","214.52","215.80","209.86","1.47M","-1.86%"
"22-09-2022","214.50","213.52","216.52","213.19","1.15M","-0.02%"
"21-09-2022","214.54","217.97","219.12","213.75","1.32M","-1.38%"
"20-09-2022","217.55","217.85","221.45","217.18","1.88M","0.84%"
"19-09-2022","215.74","220.85","221.78","215.19","1.58M","-2.30%"
"16-09-2022","220.82","222.46","223.50","214.85","2.42M","-0.77%"
"15-09-2022","222.53","223.60","224.85","221.68","1.59M","-0.06%"
"14-09-2022","222.66","222.50","224.88","221.27","2.15M","-1.43%"
"13-09-2022","225.90","228.96","229.23","225.05","1.78M","-0.84%"
"12-09-2022","227.81","229.18","231.59","227.19","2.20M","-0.10%"
"09-09-2022","228.03","232.56","233.17","226.84","2.52M","-1.33%"
"08-09-2022","231.11","232.84","236.50","230.21","6.53M","0.38%"
"07-09-2022","230.24","224.18","234.44","223.23","10.49M","2.21%"
"06-09-2022","225.26","220.85","227.78","219.20","8.32M","2.78%"
"05-09-2022","219.17","216.42","220.38","213.64","2.98M","1.73%"
"02-09-2022","215.45","218.42","218.85","214.85","1.08M","-0.87%"
"01-09-2022","217.33","215.69","219.80","214.89","1.70M","0.18%"
"30-08-2022","216.95","211.27","222.51","210.27","5.68M","3.33%"
"29-08-2022","209.96","208.52","211.06","207.94","1.65M","-2.11%"
"26-08-2022","214.49","216.52","218.07","213.85","1.36M","-0.20%"
"25-08-2022","214.92","214.94","219.48","213.90","1.65M","0.32%"
"24-08-2022","214.24","214.19","215.39","211.72","1.81M","-0.01%"
"23-08-2022","214.27","208.84","216.09","208.74","1.89M","1.83%"
"22-08-2022","210.41","216.52","217.18","210.02","2.32M","-3.36%"
"19-08-2022","217.73","220.52","222.13","216.88","2.94M","-1.02%"
"18-08-2022","219.98","221.08","221.52","218.20","1.89M","-0.24%"
"17-08-2022","220.52","221.28","223.15","219.93","2.02M","0.15%"
"16-08-2022","220.18","219.22","221.52","218.85","2.19M","0.85%"
"12-08-2022","218.33","217.05","220.42","215.75","3.00M","1.01%"
"11-08-2022","216.14","217.85","217.85","214.55","1.79M","0.65%"
"10-08-2022","214.75","216.19","217.78","213.87","2.13M","-0.20%"
"08-08-2022","215.17","222.00","222.68","214.52","3.92M","-3.08%"
"05-08-2022","222.00","223.58","225.71","221.12","1.99M","-0.20%"
"04-08-2022","222.45","228.18","231.14","220.85","3.81M","-2.80%"
"03-08-2022","228.86","235.84","236.09","226.58","5.13M","-2.44%"
"02-08-2022","234.59","226.81","237.47","225.18","9.25M","3.26%"
"01-08-2022","227.18","226.84","232.49","225.18","4.71M","0.52%"
"29-07-2022","226.01","222.86","227.58","221.96","4.08M","2.22%"
"28-07-2022","221.10","219.52","223.85","219.20","1.90M","1.33%"
"27-07-2022","218.20","219.52","220.48","216.65","1.05M","-0.76%"
"26-07-2022","219.88","222.08","224.18","218.85","1.86M","-0.87%"
"25-07-2022","221.80","224.85","226.83","220.08","1.74M","-1.44%"
"22-07-2022","225.05","226.18","228.83","223.66","2.32M","0.04%"
"21-07-2022","224.96","222.85","226.18","222.21","2.68M","0.23%"
"20-07-2022","224.45","226.51","228.83","223.35","3.33M","0.17%"
"19-07-2022","224.08","217.78","225.18","216.85","4.52M","2.52%"
"18-07-2022","218.58","216.85","220.38","216.52","2.71M","1.09%"
"15-07-2022","216.22","219.85","221.20","213.92","2.76M","-1.46%"
"14-07-2022","219.42","223.96","225.08","216.69","3.29M","-2.03%"
"13-07-2022","223.96","221.45","227.71","221.45","10.66M","2.23%"
"12-07-2022","219.08","209.19","221.50","207.86","6.54M","3.87%"
"11-07-2022","210.91","208.19","213.15","204.89","3.47M","0.77%"
"08-07-2022","209.29","216.52","217.85","207.74","4.34M","-2.55%"
"07-07-2022","214.77","205.53","216.45","203.56","8.56M","5.54%"
"06-07-2022","203.49","199.40","204.46","198.40","3.51M","2.30%"
"05-07-2022","198.91","199.61","203.06","197.86","2.49M","0.04%"
"04-07-2022","198.83","198.86","202.18","197.53","1.82M","-0.53%"
"01-07-2022","199.88","198.18","201.51","195.35","2.34M","0.53%"
"30-06-2022","198.83","200.20","207.79","197.81","6.88M","0.06%"
"29-06-2022","198.71","196.53","200.35","195.47","2.14M","-0.52%"
"28-06-2022","199.75","200.53","202.03","197.50","3.04M","-1.24%"
"27-06-2022","202.26","201.66","205.71","199.90","4.06M","2.13%"
"24-06-2022","198.05","197.53","201.20","194.72","4.54M","1.14%"
"23-06-2022","195.82","198.20","204.26","193.20","6.38M","-1.52%"
"22-06-2022","198.85","204.79","204.79","195.27","5.47M","-3.18%"
"21-06-2022","205.38","186.54","208.19","186.54","13.12M","11.34%"
"20-06-2022","184.47","194.53","196.42","182.87","5.72M","-5.21%"
"17-06-2022","194.60","207.86","208.67","190.67","7.48M","-6.68%"
"16-06-2022","208.54","227.74","229.04","206.53","5.22M","-6.91%"
"15-06-2022","224.01","226.18","227.84","223.18","1.74M","-0.03%"
"14-06-2022","224.08","227.34","235.74","223.33","2.75M","-1.43%"
"13-06-2022","227.34","233.12","235.42","221.18","2.78M","-4.42%"
"10-06-2022","237.85","239.17","240.70","237.00","1.53M","-2.00%"
"09-06-2022","242.70","234.81","246.08","234.19","3.62M","2.35%"
"08-06-2022","237.12","243.33","243.47","236.17","2.14M","-1.70%"
"07-06-2022","241.22","243.15","244.03","239.97","1.61M","-1.84%"
"06-06-2022","245.75","252.83","253.79","244.83","2.31M","-2.12%"
"03-06-2022","251.06","253.13","257.49","247.16","5.40M","0.82%"
"02-06-2022","249.01","248.83","252.16","243.27","4.03M","0.12%"
"01-06-2022","248.71","262.82","265.73","245.50","8.77M","-1.22%"
"31-05-2022","251.78","231.18","252.46","229.46","9.41M","9.70%"
"30-05-2022","229.51","226.51","232.12","225.18","2.67M","2.91%"
"27-05-2022","223.01","223.75","228.18","221.57","2.77M","0.93%"
"26-05-2022","220.95","228.08","229.84","216.52","4.26M","-3.49%"
"25-05-2022","228.93","239.05","239.05","227.51","2.04M","-3.34%"
"24-05-2022","236.84","242.65","243.17","235.72","1.21M","-2.03%"
"23-05-2022","241.75","246.10","247.38","240.39","1.36M","-0.81%"
"20-05-2022","243.73","247.13","247.71","240.65","1.72M","1.16%"
"19-05-2022","240.94","243.17","246.31","239.77","2.32M","-4.64%"
"18-05-2022","252.66","249.16","256.46","247.83","3.08M","2.11%"
"17-05-2022","247.45","239.84","249.16","239.52","3.29M","2.78%"
"16-05-2022","240.75","233.54","243.17","229.84","3.11M","2.20%"
"13-05-2022","235.57","243.83","248.50","233.54","3.98M","-1.97%"
"12-05-2022","240.30","241.50","246.16","235.36","5.73M","0.57%"
"11-05-2022","238.94","252.36","255.92","232.69","4.70M","-4.85%"
"10-05-2022","251.11","259.16","267.82","249.86","3.38M","-3.07%"
"09-05-2022","259.07","273.76","274.28","256.86","3.90M","-5.54%"
"06-05-2022","274.26","271.81","277.48","268.33","2.41M","-1.70%"
"05-05-2022","279.01","287.14","290.78","276.64","2.03M","-1.25%"
"04-05-2022","282.54","298.90","301.13","279.81","3.53M","-4.76%"
"02-05-2022","296.65","296.50","309.45","291.80","6.20M","-1.00%"
"29-04-2022","299.64","292.20","307.79","290.47","15.34M","4.71%"
"28-04-2022","286.15","277.71","289.80","274.28","4.05M","4.13%"
"27-04-2022","274.81","274.81","277.01","271.81","1.40M","-0.94%"
"26-04-2022","277.43","273.81","279.81","273.81","1.56M","2.11%"
"25-04-2022","271.70","279.79","279.79","270.48","2.21M","-3.00%"
"22-04-2022","280.09","280.81","289.47","278.81","2.14M","-0.05%"
"21-04-2022","280.24","283.47","286.27","279.81","1.94M","-0.21%"
"20-04-2022","280.84","286.14","297.05","278.14","2.79M","-1.71%"
"19-04-2022","285.72","295.76","296.36","280.12","1.60M","-2.57%"
"18-04-2022","293.25","298.80","298.80","293.13","1.35M","-2.45%"
"13-04-2022","300.61","301.79","302.71","298.13","1.38M","0.17%"
"12-04-2022","300.09","298.80","306.92","294.47","3.72M","0.36%"
"11-04-2022","299.01","299.79","301.13","296.13","1.53M","-0.47%"
"08-04-2022","300.41","298.13","304.79","295.48","2.74M","1.25%"
"07-04-2022","296.71","299.81","302.79","294.80","2.69M","-1.81%"
"06-04-2022","302.18","301.79","305.12","299.79","2.31M","-0.02%"
"05-04-2022","302.24","307.92","309.44","301.59","2.75M","-1.49%"
"04-04-2022","306.82","313.10","314.68","303.79","3.78M","-1.52%"
"01-04-2022","311.54","313.12","313.34","307.79","3.61M","-0.93%"
"31-03-2022","314.45","315.78","319.78","306.46","4.34M","0.01%"
"30-03-2022","314.43","302.69","319.45","299.79","4.57M","5.13%"
"29-03-2022","299.08","295.95","303.13","295.13","2.55M","1.67%"
"28-03-2022","294.17","295.13","308.06","289.55","5.09M","-0.32%"
"25-03-2022","295.11","312.22","313.12","293.73","4.45M","-5.00%"
"24-03-2022","310.64","313.35","315.38","309.79","2.48M","-1.59%"
"23-03-2022","315.65","321.78","324.44","314.40","3.79M","-0.86%"
"22-03-2022","318.40","317.18","322.30","312.79","6.40M","1.90%"
"21-03-2022","312.47","299.79","328.53","299.79","15.65M","-0.44%"
"17-03-2022","313.85","330.88","333.78","308.74","22.81M","-4.65%"
"16-03-2022","329.17","331.05","338.10","324.78","14.79M","0.89%"
"15-03-2022","326.28","345.87","348.65","312.42","33.90M","-3.03%"
"14-03-2022","336.49","300.46","345.76","299.26","68.06M","12.61%"
"11-03-2022","298.82","297.02","318.45","295.20","87.03M","2.74%"
"10-03-2022","290.85","252.94","294.29","251.49","65.63M","18.60%"
"09-03-2022","245.24","238.73","246.44","237.51","8.08M","4.18%"
"08-03-2022","235.40","231.84","237.39","229.96","6.87M","3.02%"
"07-03-2022","228.50","228.73","230.29","223.29","7.50M","-1.32%"
"04-03-2022","231.55","229.51","237.17","229.30","9.86M","-0.34%"
"03-03-2022","232.34","228.18","234.28","226.52","8.64M","4.14%"
"02-03-2022","223.10","213.74","225.23","213.30","9.09M","2.33%"
"28-02-2022","218.01","212.97","219.67","210.06","8.85M","0.55%"
"25-02-2022","216.81","210.64","219.41","210.64","10.41M","4.15%"
"24-02-2022","208.17","220.85","223.18","206.40","18.21M","-9.77%"
"23-02-2022","230.71","232.61","238.53","230.06","7.68M","0.66%"
"22-02-2022","229.20","227.24","234.28","225.40","10.09M","-4.60%"
"21-02-2022","240.24","250.72","250.72","238.84","11.16M","-4.38%"
"18-02-2022","251.25","254.73","258.16","249.83","11.53M","-0.87%"
"17-02-2022","253.46","251.72","260.27","248.39","21.08M","1.99%"
"16-02-2022","248.52","243.17","254.03","242.95","13.38M","2.14%"
"15-02-2022","243.32","240.83","245.61","233.43","12.39M","2.18%"
"14-02-2022","238.13","248.72","249.33","235.41","11.15M","-5.58%"
"11-02-2022","252.20","249.83","257.38","246.79","12.69M","-0.34%"
"10-02-2022","253.06","250.26","258.16","249.83","22.83M","1.97%"
"09-02-2022","248.16","232.06","254.26","223.74","47.49M","7.58%"
"08-02-2022","230.68","239.17","242.41","227.63","10.94M","-2.75%"
"07-02-2022","237.20","247.05","247.05","234.16","10.96M","-3.77%"
"04-02-2022","246.50","247.05","249.76","241.72","14.28M","1.28%"
"03-02-2022","243.38","230.95","246.39","230.74","22.96M","5.48%"
"02-02-2022","230.74","222.18","231.75","222.08","9.61M","4.32%"
"01-02-2022","221.18","218.52","223.62","214.52","4.60M","1.99%"
"31-01-2022","216.87","221.69","223.67","216.07","5.32M","-0.91%"
"28-01-2022","218.86","222.63","228.05","217.18","6.84M","-0.82%"
"27-01-2022","220.68","219.74","224.84","217.18","9.32M","0.24%"
"25-01-2022","220.15","214.85","223.79","207.16","10.13M","1.33%"
"24-01-2022","217.25","228.51","230.03","213.74","11.30M","-5.01%"
"21-01-2022","228.72","237.38","243.70","226.26","16.01M","-4.89%"
"20-01-2022","240.48","237.17","242.59","235.17","13.17M","1.92%"
"19-01-2022","235.94","224.40","238.17","221.63","17.42M","5.18%"
"18-01-2022","224.33","228.50","231.84","221.10","8.80M","-1.37%"
"17-01-2022","227.44","230.06","231.16","226.66","5.36M","-0.83%"
"14-01-2022","229.35","222.80","230.62","220.82","12.50M","2.94%"
"13-01-2022","222.80","217.07","232.41","214.58","37.37M","3.11%"
"12-01-2022","216.09","218.96","219.74","214.69","3.57M","-0.47%"
"11-01-2022","217.11","216.85","221.85","215.91","6.20M","0.63%"
"10-01-2022","215.76","218.74","219.23","214.25","4.36M","-0.30%"
"07-01-2022","216.42","216.41","220.40","214.52","9.94M","1.24%"
"06-01-2022","213.77","210.59","216.19","208.94","5.54M","0.98%"
"05-01-2022","211.70","212.61","213.94","210.08","3.14M","-0.18%"
"04-01-2022","212.09","212.73","214.08","209.63","3.17M","0.22%"
"03-01-2022","211.63","213.19","213.85","211.14","3.95M","-0.65%"
"31-12-2021","213.02","213.18","215.19","212.30","3.05M","0.40%"
"30-12-2021","212.17","215.92","216.86","210.97","6.43M","-2.19%"
"29-12-2021","216.92","215.85","218.18","215.63","4.30M","1.02%"
"28-12-2021","214.74","222.07","225.18","212.89","18.60M","5.38%"
"27-12-2021","203.77","205.41","208.62","202.08","4.03M","-1.34%"
"24-12-2021","206.54","207.79","211.97","203.53","5.53M","-0.17%"
"23-12-2021","206.90","212.19","213.74","206.18","4.63M","-1.20%"
"22-12-2021","209.41","208.19","214.30","206.64","5.87M","1.41%"
"21-12-2021","206.49","216.15","218.52","205.41","7.85M","-2.67%"
"20-12-2021","212.15","210.97","215.93","200.42","14.78M","-2.43%"
"17-12-2021","217.43","233.17","234.69","215.69","14.30M","-7.13%"
"16-12-2021","234.12","246.72","248.71","231.94","16.86M","-5.14%"
"15-12-2021","246.80","257.45","263.56","242.73","49.44M","-2.99%"
"14-12-2021","254.41","232.06","257.93","231.51","38.20M","8.50%"
"13-12-2021","234.48","235.28","243.00","229.84","20.24M","0.47%"
"10-12-2021","233.38","225.28","239.84","225.08","25.77M","2.70%"
"09-12-2021","227.25","229.61","231.94","223.85","12.88M","-0.50%"
"08-12-2021","228.39","219.74","234.17","217.96","40.91M","5.75%"
"07-12-2021","215.97","209.03","218.74","206.42","17.86M","5.23%"
"06-12-2021","205.23","209.85","218.07","202.64","30.59M","-1.55%"
"03-12-2021","208.47","212.74","216.26","204.30","40.49M","-1.13%"
"02-12-2021","210.86","185.87","215.30","183.43","62.83M","14.96%"
"01-12-2021","183.42","174.55","185.98","172.28","22.66M","5.90%"
"30-11-2021","173.20","171.42","177.32","170.59","11.97M","2.06%"
"29-11-2021","169.70","169.22","175.21","158.29","9.32M","0.65%"
"26-11-2021","168.60","174.32","175.86","167.11","7.41M","-5.05%"
"25-11-2021","177.56","175.21","179.32","174.32","5.03M","1.51%"
"24-11-2021","174.92","179.68","182.10","173.88","9.54M","-1.55%"
"23-11-2021","177.67","168.77","179.32","167.09","12.19M","4.29%"
"22-11-2021","170.36","181.20","182.10","164.89","15.82M","-4.31%"
"18-11-2021","178.03","173.99","180.42","168.17","16.25M","2.77%"
"17-11-2021","173.23","173.46","176.27","171.13","10.70M","0.13%"
"16-11-2021","173.00","166.76","174.10","166.76","17.69M","4.51%"
"15-11-2021","165.53","159.22","169.33","159.22","22.17M","5.18%"
"12-11-2021","157.38","158.78","159.34","156.56","4.25M","-0.35%"
"11-11-2021","157.93","159.00","159.00","155.78","3.25M","-0.20%"
"10-11-2021","158.25","154.34","160.26","153.34","7.69M","2.00%"
"09-11-2021","155.15","156.20","157.56","154.78","3.42M","-0.18%"
"08-11-2021","155.43","154.74","156.00","153.45","3.75M","1.27%"
"04-11-2021","153.48","151.45","156.00","151.23","3.94M","2.22%"
"03-11-2021","150.14","150.43","152.87","148.34","4.81M","0.28%"
"02-11-2021","149.72","150.90","151.78","148.96","2.45M","-0.29%"
"01-11-2021","150.16","148.50","151.86","147.24","3.48M","2.13%"
"29-10-2021","147.03","145.46","152.12","141.15","5.02M","0.40%"
"28-10-2021","146.44","151.36","151.36","144.90","3.37M","-3.26%"
"27-10-2021","151.38","152.45","153.23","147.73","4.81M","-0.05%"
"26-10-2021","151.45","143.24","153.23","143.24","6.40M","6.69%"
"25-10-2021","141.95","147.68","148.03","140.09","4.65M","-3.07%"
"22-10-2021","146.44","150.45","154.87","140.61","4.48M","-2.13%"
"21-10-2021","149.62","150.31","151.88","147.73","2.57M","0.32%"
"20-10-2021","149.15","152.23","154.23","145.58","5.00M","-2.02%"
"19-10-2021","152.23","157.83","157.83","149.93","5.10M","-2.78%"
"18-10-2021","156.59","156.56","159.45","154.04","4.31M","0.97%"
"14-10-2021","155.08","158.78","160.11","152.25","6.42M","-1.74%"
"13-10-2021","157.83","163.22","164.11","157.03","6.94M","-2.50%"
"12-10-2021","161.87","158.11","163.15","156.81","14.76M","1.61%"
"11-10-2021","159.30","150.04","161.00","149.90","26.07M","7.19%"
"08-10-2021","148.61","140.02","151.56","139.00","28.43M","6.86%"
"07-10-2021","139.07","140.17","140.41","137.13","2.46M","0.29%"
"06-10-2021","138.67","142.24","144.17","137.37","7.20M","-1.15%"
"05-10-2021","140.29","137.11","142.30","136.02","6.09M","2.10%"
"04-10-2021","137.40","135.46","139.20","135.46","2.29M","1.51%"
"01-10-2021","135.35","135.91","136.46","134.13","2.64M","-0.99%"
"30-09-2021","136.71","138.52","139.02","136.02","2.67M","-0.81%"
"29-09-2021","137.83","139.35","139.46","136.60","4.20M","-2.39%"
"28-09-2021","141.21","141.01","143.78","137.86","12.31M","1.11%"
"27-09-2021","139.66","131.24","141.29","131.24","22.53M","7.37%"
"24-09-2021","130.07","132.24","132.43","129.13","2.01M","-0.97%"
"23-09-2021","131.34","130.47","133.24","130.13","2.51M","1.09%"
"22-09-2021","129.93","131.24","132.24","129.09","2.02M","0.30%"
"21-09-2021","129.54","127.91","130.47","125.72","3.02M","0.76%"
"20-09-2021","128.56","129.69","133.69","128.25","3.02M","-2.64%"
"17-09-2021","132.05","137.35","137.57","131.33","5.12M","-3.39%"
"16-09-2021","136.68","136.46","138.46","134.80","5.51M","0.28%"
"15-09-2021","136.30","136.57","138.49","134.46","4.76M","-0.17%"
"14-09-2021","136.53","137.19","139.35","135.60","5.38M","0.12%"
"13-09-2021","136.36","138.13","139.68","135.47","7.17M","-1.09%"
"09-09-2021","137.86","132.13","141.57","131.82","23.00M","4.41%"
"08-09-2021","132.04","128.80","133.05","128.80","6.63M","3.37%"
"07-09-2021","127.74","130.02","130.44","126.10","2.74M","-1.50%"
"06-09-2021","129.68","132.34","132.58","129.36","3.57M","-1.38%"
"03-09-2021","131.49","131.80","137.09","131.02","8.51M","0.09%"
"02-09-2021","131.37","132.35","134.02","131.02","2.95M","-0.80%"
"01-09-2021","132.43","133.35","134.35","130.57","4.92M","-0.47%"
"31-08-2021","133.06","133.66","135.30","131.28","6.31M","0.09%"
"30-08-2021","132.94","122.14","134.35","122.03","13.83M","8.95%"
"27-08-2021","122.02","123.02","124.91","121.19","2.79M","-0.25%"
"26-08-2021","122.32","120.14","123.68","118.48","4.31M","2.22%"
"25-08-2021","119.66","119.01","121.25","118.25","3.24M","0.69%"
"24-08-2021","118.84","116.03","119.85","113.62","5.55M","2.95%"
"23-08-2021","115.44","124.42","125.76","114.71","4.71M","-6.37%"
"20-08-2021","123.29","124.80","127.58","122.70","3.73M","-2.07%"
"18-08-2021","125.89","120.36","130.47","120.36","6.99M","3.64%"
"17-08-2021","121.47","124.01","124.04","120.98","2.39M","-2.07%"
"16-08-2021","124.04","126.79","126.79","123.37","1.86M","-1.98%"
"13-08-2021","126.54","125.47","128.25","125.47","2.05M","-1.04%"
"12-08-2021","127.87","125.08","129.77","124.52","4.71M","2.87%"
"11-08-2021","124.30","126.58","127.01","118.93","7.53M","-1.82%"
"10-08-2021","126.61","132.69","133.65","123.25","5.24M","-4.52%"
"09-08-2021","132.60","136.35","136.35","132.25","3.06M","-1.92%"
"06-08-2021","135.19","137.07","137.86","134.85","2.08M","-1.00%"
"05-08-2021","136.56","138.57","139.84","133.24","4.63M","-1.17%"
"04-08-2021","138.17","141.94","141.94","137.49","3.31M","-1.58%"
"03-08-2021","140.39","142.51","143.61","140.02","3.30M","-1.02%"
"02-08-2021","141.84","140.56","142.79","139.66","6.34M","2.29%"
"30-07-2021","138.66","137.99","141.13","137.52","5.33M","0.70%"
"29-07-2021","137.69","136.57","140.79","134.46","6.24M","1.32%"
"28-07-2021","135.90","138.47","138.47","132.70","5.10M","-1.54%"
"27-07-2021","138.03","140.02","143.00","134.35","11.77M","-1.28%"
"26-07-2021","139.82","129.48","141.79","125.47","23.96M","8.10%"
"23-07-2021","129.34","138.27","139.40","128.70","15.85M","-6.47%"
"22-07-2021","138.29","148.78","150.30","137.19","17.74M","-6.55%"
"20-07-2021","147.99","150.45","156.56","145.08","59.36M","0.33%"
"19-07-2021","147.50","131.55","156.12","130.27","109.54M","11.48%"
"16-07-2021","132.31","128.91","134.35","128.58","41.77M","3.38%"
"15-07-2021","127.98","121.42","129.91","121.28","47.31M","5.62%"
"14-07-2021","121.17","120.92","125.14","119.47","38.90M","-1.07%"
"13-07-2021","122.48","111.47","123.80","110.26","79.09M","10.72%"
"12-07-2021","110.62","109.42","112.46","108.16","15.89M","1.88%"
"09-07-2021","108.58","108.69","109.81","107.88","5.25M","0.49%"
"08-07-2021","108.05","106.59","111.92","106.43","14.18M","1.52%"
"07-07-2021","106.43","107.09","107.52","105.49","4.57M","-0.23%"
"06-07-2021","106.68","108.59","109.48","105.41","6.74M","-1.49%"
"05-07-2021","108.29","107.69","111.69","107.15","22.06M","1.80%"
"02-07-2021","106.38","99.27","107.48","99.27","26.58M","7.25%"
"01-07-2021","99.19","100.54","100.70","98.71","2.67M","-0.80%"
"30-06-2021","99.99","101.82","102.09","99.60","2.30M","-1.54%"
"29-06-2021","101.55","103.03","103.71","101.04","3.69M","-0.99%"
"28-06-2021","102.57","101.49","103.20","100.30","7.62M","1.77%"
"25-06-2021","100.79","98.48","101.93","97.71","4.29M","3.07%"
"24-06-2021","97.79","99.54","99.60","97.47","1.94M","-0.97%"
"23-06-2021","98.75","99.82","100.39","98.20","1.95M","-0.42%"
"22-06-2021","99.17","100.92","101.81","98.27","3.36M","-0.68%"
"21-06-2021","99.85","97.71","101.03","96.97","4.05M","0.40%"
"18-06-2021","99.45","101.71","102.71","95.15","6.62M","-1.34%"
"17-06-2021","100.80","102.71","103.37","100.40","4.93M","-2.27%"
"16-06-2021","103.14","104.94","105.45","102.84","4.23M","-1.72%"
"15-06-2021","104.94","103.81","106.42","102.75","14.36M","1.56%"
"14-06-2021","103.33","103.14","104.48","99.50","5.34M","0.69%"
"11-06-2021","102.62","104.37","105.23","102.37","4.18M","-0.96%"
"10-06-2021","103.61","101.82","105.89","101.26","11.26M","2.36%"
"09-06-2021","101.22","103.25","103.25","99.39","5.12M","-1.45%"
"08-06-2021","102.71","103.05","104.15","101.94","3.99M","-0.70%"
"07-06-2021","103.43","103.48","104.82","102.26","4.82M","0.27%"
"04-06-2021","103.15","103.37","105.20","102.30","5.43M","-0.17%"
"03-06-2021","103.33","102.60","105.04","102.24","5.58M","1.14%"
"02-06-2021","102.17","103.42","104.32","101.71","6.55M","-1.34%"
"01-06-2021","103.56","107.25","107.58","101.88","11.54M","-3.07%"
"31-05-2021","106.84","104.04","108.57","102.74","24.26M","2.72%"
"28-05-2021","104.01","102.26","105.37","101.04","21.91M","2.87%"
"27-05-2021","101.11","103.30","105.26","99.15","37.46M","-0.08%"
"26-05-2021","101.19","91.16","104.63","91.05","77.12M","14.06%"
"25-05-2021","88.72","88.27","89.22","87.13","12.25M","1.43%"
"24-05-2021","87.47","83.62","88.16","82.89","13.09M","5.45%"
"21-05-2021","82.95","84.02","85.82","82.61","4.26M","-0.59%"
"20-05-2021","83.44","84.20","84.75","82.95","3.38M","-0.81%"
"19-05-2021","84.12","83.94","85.05","82.87","4.81M","0.12%"
"18-05-2021","84.02","83.50","86.33","82.85","8.01M","0.96%"
"17-05-2021","83.22","84.09","85.35","82.30","7.07M","-0.37%"
"14-05-2021","83.53","82.58","85.50","80.28","16.41M","2.24%"
"12-05-2021","81.70","78.83","83.22","78.72","17.19M","4.12%"
"11-05-2021","78.47","76.06","79.50","75.74","6.08M","1.16%"
"10-05-2021","77.57","78.86","79.57","77.17","4.62M","-0.47%"
"07-05-2021","77.94","76.67","80.38","76.61","23.65M","2.77%"
"06-05-2021","75.84","69.51","76.95","69.19","32.08M","9.12%"
"05-05-2021","69.50","69.94","69.95","68.73","2.16M","0.80%"
"04-05-2021","68.95","69.41","71.26","68.34","10.86M","0.54%"
"03-05-2021","68.58","66.18","69.06","65.95","3.50M","2.83%"
"30-04-2021","66.69","66.84","68.12","66.06","1.89M","-0.79%"
"29-04-2021","67.22","68.74","69.39","66.87","1.76M","-2.14%"
"28-04-2021","68.69","68.73","69.31","68.18","4.25M","0.12%"
"27-04-2021","68.61","66.63","69.06","66.42","6.88M","2.97%"
"26-04-2021","66.63","66.63","67.39","66.08","1.58M","0.27%"
"23-04-2021","66.45","66.62","67.45","66.07","1.84M","-0.40%"
"22-04-2021","66.72","65.57","67.71","64.81","4.16M","1.57%"
"20-04-2021","65.69","64.18","66.50","64.07","3.77M","3.30%"
"19-04-2021","63.59","63.29","64.22","62.73","2.44M","-3.06%"
"16-04-2021","65.60","65.65","66.92","65.21","2.81M","-0.12%"
"15-04-2021","65.68","63.07","66.95","63.07","2.22M","3.38%"
"13-04-2021","63.53","64.38","64.58","62.55","2.36M","-0.55%"
"12-04-2021","63.88","66.13","66.14","63.35","3.57M","-5.63%"
"09-04-2021","67.69","67.10","68.23","66.29","2.55M","0.88%"
"08-04-2021","67.10","67.40","68.18","66.80","4.20M","-0.36%"
"07-04-2021","67.34","65.07","69.06","64.74","13.02M","3.49%"
"06-04-2021","65.07","62.66","66.29","62.30","7.39M","3.91%"
"05-04-2021","62.62","64.73","64.73","62.10","2.28M","-3.35%"
"01-04-2021","64.79","63.51","65.28","63.07","1.87M","2.18%"
"31-03-2021","63.41","63.07","63.97","62.42","2.23M","0.87%"
"30-03-2021","62.86","61.51","63.93","61.33","3.65M","2.39%"
"26-03-2021","61.39","60.18","61.60","60.18","2.78M","2.38%"
"25-03-2021","59.96","62.10","62.42","59.46","3.39M","-3.45%"
"24-03-2021","62.10","62.58","62.77","61.96","2.27M","-1.11%"
"23-03-2021","62.80","63.29","63.51","62.57","1.64M","-0.52%"
"22-03-2021","63.13","63.48","63.51","62.45","1.38M","0.33%"
"19-03-2021","62.92","63.40","63.81","61.40","2.21M","-0.76%"
"18-03-2021","63.40","64.07","64.18","62.87","2.12M","-0.19%"
"17-03-2021","63.52","63.78","64.01","63.01","2.70M","0.16%"
"16-03-2021","63.42","64.27","64.28","63.29","3.06M","-0.55%"
"15-03-2021","63.77","65.12","65.28","63.40","2.45M","-1.82%"
"12-03-2021","64.95","65.40","65.70","64.61","2.19M","-0.28%"
"10-03-2021","65.13","65.51","65.84","64.96","1.27M","-0.05%"
"09-03-2021","65.16","64.96","65.69","64.73","2.07M","1.01%"
"08-03-2021","64.51","65.40","65.53","64.18","2.20M","-0.69%"
"05-03-2021","64.96","66.19","66.75","64.73","3.10M","-2.36%"
"04-03-2021","66.53","65.51","67.59","64.92","4.41M","0.97%"
"03-03-2021","65.89","65.62","66.18","65.06","3.03M","1.09%"
"02-03-2021","65.18","64.66","65.84","64.66","3.42M","1.72%"
"01-03-2021","64.08","64.96","65.23","63.97","2.68M","-0.76%"
"26-02-2021","64.57","63.62","65.51","63.55","4.75M","0.00%"
"25-02-2021","64.57","65.51","65.74","64.41","2.60M","0.25%"
"24-02-2021","64.41","63.85","66.51","63.85","2.61M","1.39%"
"23-02-2021","63.53","64.40","64.76","63.40","3.69M","-0.53%"
"22-02-2021","63.87","65.07","65.94","63.62","3.37M","-2.17%"
"19-02-2021","65.29","65.07","66.73","64.63","3.99M","0.34%"
"18-02-2021","65.07","65.95","65.95","64.87","2.71M","-0.52%"
"17-02-2021","65.41","66.29","66.95","64.96","3.20M","-1.24%"
"16-02-2021","66.23","67.94","68.44","63.47","5.95M","-1.95%"
"15-02-2021","67.55","66.40","69.34","66.40","9.98M","2.13%"
"12-02-2021","66.14","67.02","67.94","65.95","3.47M","-1.15%"
"11-02-2021","66.91","66.51","67.24","66.40","2.25M","0.47%"
"10-02-2021","66.60","67.53","67.58","66.23","2.03M","-0.86%"
"09-02-2021","67.18","67.83","69.06","66.95","3.72M","-0.52%"
"08-02-2021","67.53","67.84","68.83","67.18","2.46M","-0.32%"
"05-02-2021","67.75","68.62","68.74","67.41","2.46M","-0.65%"
"04-02-2021","68.19","69.95","70.06","67.86","5.77M","-0.89%"
"03-02-2021","68.80","67.54","69.11","66.97","4.75M","1.87%"
"02-02-2021","67.54","67.68","69.25","66.76","3.03M","1.37%"
"01-02-2021","66.63","66.50","67.29","64.96","2.01M","2.02%"
"29-01-2021","65.31","65.80","66.72","64.69","1.29M","-1.20%"
"28-01-2021","66.10","64.40","66.67","63.98","2.10M","2.15%"
"27-01-2021","64.71","66.24","66.24","64.40","2.34M","-2.24%"
"25-01-2021","66.19","67.18","67.66","65.11","1.65M","-0.82%"
"22-01-2021","66.74","67.66","68.42","66.29","2.49M","-1.36%"
"21-01-2021","67.66","68.95","69.51","67.13","3.27M","-1.07%"
"20-01-2021","68.39","68.84","68.84","68.27","1.28M","-0.42%"
"19-01-2021","68.68","68.40","69.01","68.13","1.14M","0.91%"
"18-01-2021","68.06","69.02","69.17","67.54","1.90M","-1.49%"
"15-01-2021","69.09","69.96","70.29","68.60","1.89M","-1.19%"
"14-01-2021","69.92","69.95","70.29","69.29","1.59M","0.10%"
"13-01-2021","69.85","70.75","71.06","69.29","2.48M","-1.09%"
"12-01-2021","70.62","70.40","71.50","69.94","2.40M","0.56%"
"11-01-2021","70.23","71.84","72.00","69.56","3.09M","-1.78%"
"08-01-2021","71.50","71.73","72.51","71.08","5.50M","0.20%"
"07-01-2021","71.36","71.62","72.50","70.95","7.35M","0.44%"
"06-01-2021","71.05","71.17","72.17","70.09","4.50M","-0.08%"
"05-01-2021","71.11","71.62","71.92","70.52","3.90M","-1.04%"
"04-01-2021","71.86","72.17","73.06","71.28","8.81M","2.12%"
"01-01-2021","70.37","68.94","71.40","68.94","11.25M","2.36%"